sample_index,Target
0_P,
0_K,
0_Mg,
0_pH,
1_P,
1_K,
1_Mg,
1_pH,
2_P,
2_K,
2_Mg,
2_pH,
3_P,
3_K,
3_Mg,
3_pH,
4_P,
4_K,
4_Mg,
4_pH,
5_P,
5_K,
5_Mg,
5_pH,
6_P,
6_K,
6_Mg,
6_pH,
7_P,
7_K,
7_Mg,
7_pH,
8_P,
8_K,
8_Mg,
8_pH,
9_P,
9_K,
9_Mg,
9_pH,
10_P,
10_K,
10_Mg,
10_pH,
11_P,
11_K,
11_Mg,
11_pH,
12_P,
12_K,
12_Mg,
12_pH,
13_P,
13_K,
13_Mg,
13_pH,
14_P,
14_K,
14_Mg,
14_pH,
15_P,
15_K,
15_Mg,
15_pH,
16_P,
16_K,
16_Mg,
16_pH,
17_P,
17_K,
17_Mg,
17_pH,
18_P,
18_K,
18_Mg,
18_pH,
19_P,
19_K,
19_Mg,
19_pH,
20_P,
20_K,
20_Mg,
20_pH,
21_P,
21_K,
21_Mg,
21_pH,
22_P,
22_K,
22_Mg,
22_pH,
23_P,
23_K,
23_Mg,
23_pH,
24_P,
24_K,
24_Mg,
24_pH,
25_P,
25_K,
25_Mg,
25_pH,
26_P,
26_K,
26_Mg,
26_pH,
27_P,
27_K,
27_Mg,
27_pH,
28_P,
28_K,
28_Mg,
28_pH,
29_P,
29_K,
29_Mg,
29_pH,
30_P,
30_K,
30_Mg,
30_pH,
31_P,
31_K,
31_Mg,
31_pH,
32_P,
32_K,
32_Mg,
32_pH,
33_P,
33_K,
33_Mg,
33_pH,
34_P,
34_K,
34_Mg,
34_pH,
35_P,
35_K,
35_Mg,
35_pH,
36_P,
36_K,
36_Mg,
36_pH,
37_P,
37_K,
37_Mg,
37_pH,
38_P,
38_K,
38_Mg,
38_pH,
39_P,
39_K,
39_Mg,
39_pH,
40_P,
40_K,
40_Mg,
40_pH,
41_P,
41_K,
41_Mg,
41_pH,
42_P,
42_K,
42_Mg,
42_pH,
43_P,
43_K,
43_Mg,
43_pH,
44_P,
44_K,
44_Mg,
44_pH,
45_P,
45_K,
45_Mg,
45_pH,
46_P,
46_K,
46_Mg,
46_pH,
47_P,
47_K,
47_Mg,
47_pH,
48_P,
48_K,
48_Mg,
48_pH,
49_P,
49_K,
49_Mg,
49_pH,
50_P,
50_K,
50_Mg,
50_pH,
51_P,
51_K,
51_Mg,
51_pH,
52_P,
52_K,
52_Mg,
52_pH,
53_P,
53_K,
53_Mg,
53_pH,
54_P,
54_K,
54_Mg,
54_pH,
55_P,
55_K,
55_Mg,
55_pH,
56_P,
56_K,
56_Mg,
56_pH,
57_P,
57_K,
57_Mg,
57_pH,
58_P,
58_K,
58_Mg,
58_pH,
59_P,
59_K,
59_Mg,
59_pH,
60_P,
60_K,
60_Mg,
60_pH,
61_P,
61_K,
61_Mg,
61_pH,
62_P,
62_K,
62_Mg,
62_pH,
63_P,
63_K,
63_Mg,
63_pH,
64_P,
64_K,
64_Mg,
64_pH,
65_P,
65_K,
65_Mg,
65_pH,
66_P,
66_K,
66_Mg,
66_pH,
67_P,
67_K,
67_Mg,
67_pH,
68_P,
68_K,
68_Mg,
68_pH,
69_P,
69_K,
69_Mg,
69_pH,
70_P,
70_K,
70_Mg,
70_pH,
71_P,
71_K,
71_Mg,
71_pH,
72_P,
72_K,
72_Mg,
72_pH,
73_P,
73_K,
73_Mg,
73_pH,
74_P,
74_K,
74_Mg,
74_pH,
75_P,
75_K,
75_Mg,
75_pH,
76_P,
76_K,
76_Mg,
76_pH,
77_P,
77_K,
77_Mg,
77_pH,
78_P,
78_K,
78_Mg,
78_pH,
79_P,
79_K,
79_Mg,
79_pH,
80_P,
80_K,
80_Mg,
80_pH,
81_P,
81_K,
81_Mg,
81_pH,
82_P,
82_K,
82_Mg,
82_pH,
83_P,
83_K,
83_Mg,
83_pH,
84_P,
84_K,
84_Mg,
84_pH,
85_P,
85_K,
85_Mg,
85_pH,
86_P,
86_K,
86_Mg,
86_pH,
87_P,
87_K,
87_Mg,
87_pH,
88_P,
88_K,
88_Mg,
88_pH,
89_P,
89_K,
89_Mg,
89_pH,
90_P,
90_K,
90_Mg,
90_pH,
91_P,
91_K,
91_Mg,
91_pH,
92_P,
92_K,
92_Mg,
92_pH,
93_P,
93_K,
93_Mg,
93_pH,
94_P,
94_K,
94_Mg,
94_pH,
95_P,
95_K,
95_Mg,
95_pH,
96_P,
96_K,
96_Mg,
96_pH,
97_P,
97_K,
97_Mg,
97_pH,
98_P,
98_K,
98_Mg,
98_pH,
99_P,
99_K,
99_Mg,
99_pH,
100_P,
100_K,
100_Mg,
100_pH,
101_P,
101_K,
101_Mg,
101_pH,
102_P,
102_K,
102_Mg,
102_pH,
103_P,
103_K,
103_Mg,
103_pH,
104_P,
104_K,
104_Mg,
104_pH,
105_P,
105_K,
105_Mg,
105_pH,
106_P,
106_K,
106_Mg,
106_pH,
107_P,
107_K,
107_Mg,
107_pH,
108_P,
108_K,
108_Mg,
108_pH,
109_P,
109_K,
109_Mg,
109_pH,
110_P,
110_K,
110_Mg,
110_pH,
111_P,
111_K,
111_Mg,
111_pH,
112_P,
112_K,
112_Mg,
112_pH,
113_P,
113_K,
113_Mg,
113_pH,
114_P,
114_K,
114_Mg,
114_pH,
115_P,
115_K,
115_Mg,
115_pH,
116_P,
116_K,
116_Mg,
116_pH,
117_P,
117_K,
117_Mg,
117_pH,
118_P,
118_K,
118_Mg,
118_pH,
119_P,
119_K,
119_Mg,
119_pH,
120_P,
120_K,
120_Mg,
120_pH,
121_P,
121_K,
121_Mg,
121_pH,
122_P,
122_K,
122_Mg,
122_pH,
123_P,
123_K,
123_Mg,
123_pH,
124_P,
124_K,
124_Mg,
124_pH,
125_P,
125_K,
125_Mg,
125_pH,
126_P,
126_K,
126_Mg,
126_pH,
127_P,
127_K,
127_Mg,
127_pH,
128_P,
128_K,
128_Mg,
128_pH,
129_P,
129_K,
129_Mg,
129_pH,
130_P,
130_K,
130_Mg,
130_pH,
131_P,
131_K,
131_Mg,
131_pH,
132_P,
132_K,
132_Mg,
132_pH,
133_P,
133_K,
133_Mg,
133_pH,
134_P,
134_K,
134_Mg,
134_pH,
135_P,
135_K,
135_Mg,
135_pH,
136_P,
136_K,
136_Mg,
136_pH,
137_P,
137_K,
137_Mg,
137_pH,
138_P,
138_K,
138_Mg,
138_pH,
139_P,
139_K,
139_Mg,
139_pH,
140_P,
140_K,
140_Mg,
140_pH,
141_P,
141_K,
141_Mg,
141_pH,
142_P,
142_K,
142_Mg,
142_pH,
143_P,
143_K,
143_Mg,
143_pH,
144_P,
144_K,
144_Mg,
144_pH,
145_P,
145_K,
145_Mg,
145_pH,
146_P,
146_K,
146_Mg,
146_pH,
147_P,
147_K,
147_Mg,
147_pH,
148_P,
148_K,
148_Mg,
148_pH,
149_P,
149_K,
149_Mg,
149_pH,
150_P,
150_K,
150_Mg,
150_pH,
151_P,
151_K,
151_Mg,
151_pH,
152_P,
152_K,
152_Mg,
152_pH,
153_P,
153_K,
153_Mg,
153_pH,
154_P,
154_K,
154_Mg,
154_pH,
155_P,
155_K,
155_Mg,
155_pH,
156_P,
156_K,
156_Mg,
156_pH,
157_P,
157_K,
157_Mg,
157_pH,
158_P,
158_K,
158_Mg,
158_pH,
159_P,
159_K,
159_Mg,
159_pH,
160_P,
160_K,
160_Mg,
160_pH,
161_P,
161_K,
161_Mg,
161_pH,
162_P,
162_K,
162_Mg,
162_pH,
163_P,
163_K,
163_Mg,
163_pH,
164_P,
164_K,
164_Mg,
164_pH,
165_P,
165_K,
165_Mg,
165_pH,
166_P,
166_K,
166_Mg,
166_pH,
167_P,
167_K,
167_Mg,
167_pH,
168_P,
168_K,
168_Mg,
168_pH,
169_P,
169_K,
169_Mg,
169_pH,
170_P,
170_K,
170_Mg,
170_pH,
171_P,
171_K,
171_Mg,
171_pH,
172_P,
172_K,
172_Mg,
172_pH,
173_P,
173_K,
173_Mg,
173_pH,
174_P,
174_K,
174_Mg,
174_pH,
175_P,
175_K,
175_Mg,
175_pH,
176_P,
176_K,
176_Mg,
176_pH,
177_P,
177_K,
177_Mg,
177_pH,
178_P,
178_K,
178_Mg,
178_pH,
179_P,
179_K,
179_Mg,
179_pH,
180_P,
180_K,
180_Mg,
180_pH,
181_P,
181_K,
181_Mg,
181_pH,
182_P,
182_K,
182_Mg,
182_pH,
183_P,
183_K,
183_Mg,
183_pH,
184_P,
184_K,
184_Mg,
184_pH,
185_P,
185_K,
185_Mg,
185_pH,
186_P,
186_K,
186_Mg,
186_pH,
187_P,
187_K,
187_Mg,
187_pH,
188_P,
188_K,
188_Mg,
188_pH,
189_P,
189_K,
189_Mg,
189_pH,
190_P,
190_K,
190_Mg,
190_pH,
191_P,
191_K,
191_Mg,
191_pH,
192_P,
192_K,
192_Mg,
192_pH,
193_P,
193_K,
193_Mg,
193_pH,
194_P,
194_K,
194_Mg,
194_pH,
195_P,
195_K,
195_Mg,
195_pH,
196_P,
196_K,
196_Mg,
196_pH,
197_P,
197_K,
197_Mg,
197_pH,
198_P,
198_K,
198_Mg,
198_pH,
199_P,
199_K,
199_Mg,
199_pH,
200_P,
200_K,
200_Mg,
200_pH,
201_P,
201_K,
201_Mg,
201_pH,
202_P,
202_K,
202_Mg,
202_pH,
203_P,
203_K,
203_Mg,
203_pH,
204_P,
204_K,
204_Mg,
204_pH,
205_P,
205_K,
205_Mg,
205_pH,
206_P,
206_K,
206_Mg,
206_pH,
207_P,
207_K,
207_Mg,
207_pH,
208_P,
208_K,
208_Mg,
208_pH,
209_P,
209_K,
209_Mg,
209_pH,
210_P,
210_K,
210_Mg,
210_pH,
211_P,
211_K,
211_Mg,
211_pH,
212_P,
212_K,
212_Mg,
212_pH,
213_P,
213_K,
213_Mg,
213_pH,
214_P,
214_K,
214_Mg,
214_pH,
215_P,
215_K,
215_Mg,
215_pH,
216_P,
216_K,
216_Mg,
216_pH,
217_P,
217_K,
217_Mg,
217_pH,
218_P,
218_K,
218_Mg,
218_pH,
219_P,
219_K,
219_Mg,
219_pH,
220_P,
220_K,
220_Mg,
220_pH,
221_P,
221_K,
221_Mg,
221_pH,
222_P,
222_K,
222_Mg,
222_pH,
223_P,
223_K,
223_Mg,
223_pH,
224_P,
224_K,
224_Mg,
224_pH,
225_P,
225_K,
225_Mg,
225_pH,
226_P,
226_K,
226_Mg,
226_pH,
227_P,
227_K,
227_Mg,
227_pH,
228_P,
228_K,
228_Mg,
228_pH,
229_P,
229_K,
229_Mg,
229_pH,
230_P,
230_K,
230_Mg,
230_pH,
231_P,
231_K,
231_Mg,
231_pH,
232_P,
232_K,
232_Mg,
232_pH,
233_P,
233_K,
233_Mg,
233_pH,
234_P,
234_K,
234_Mg,
234_pH,
235_P,
235_K,
235_Mg,
235_pH,
236_P,
236_K,
236_Mg,
236_pH,
237_P,
237_K,
237_Mg,
237_pH,
238_P,
238_K,
238_Mg,
238_pH,
239_P,
239_K,
239_Mg,
239_pH,
240_P,
240_K,
240_Mg,
240_pH,
241_P,
241_K,
241_Mg,
241_pH,
242_P,
242_K,
242_Mg,
242_pH,
243_P,
243_K,
243_Mg,
243_pH,
244_P,
244_K,
244_Mg,
244_pH,
245_P,
245_K,
245_Mg,
245_pH,
246_P,
246_K,
246_Mg,
246_pH,
247_P,
247_K,
247_Mg,
247_pH,
248_P,
248_K,
248_Mg,
248_pH,
249_P,
249_K,
249_Mg,
249_pH,
250_P,
250_K,
250_Mg,
250_pH,
251_P,
251_K,
251_Mg,
251_pH,
252_P,
252_K,
252_Mg,
252_pH,
253_P,
253_K,
253_Mg,
253_pH,
254_P,
254_K,
254_Mg,
254_pH,
255_P,
255_K,
255_Mg,
255_pH,
256_P,
256_K,
256_Mg,
256_pH,
257_P,
257_K,
257_Mg,
257_pH,
258_P,
258_K,
258_Mg,
258_pH,
259_P,
259_K,
259_Mg,
259_pH,
260_P,
260_K,
260_Mg,
260_pH,
261_P,
261_K,
261_Mg,
261_pH,
262_P,
262_K,
262_Mg,
262_pH,
263_P,
263_K,
263_Mg,
263_pH,
264_P,
264_K,
264_Mg,
264_pH,
265_P,
265_K,
265_Mg,
265_pH,
266_P,
266_K,
266_Mg,
266_pH,
267_P,
267_K,
267_Mg,
267_pH,
268_P,
268_K,
268_Mg,
268_pH,
269_P,
269_K,
269_Mg,
269_pH,
270_P,
270_K,
270_Mg,
270_pH,
271_P,
271_K,
271_Mg,
271_pH,
272_P,
272_K,
272_Mg,
272_pH,
273_P,
273_K,
273_Mg,
273_pH,
274_P,
274_K,
274_Mg,
274_pH,
275_P,
275_K,
275_Mg,
275_pH,
276_P,
276_K,
276_Mg,
276_pH,
277_P,
277_K,
277_Mg,
277_pH,
278_P,
278_K,
278_Mg,
278_pH,
279_P,
279_K,
279_Mg,
279_pH,
280_P,
280_K,
280_Mg,
280_pH,
281_P,
281_K,
281_Mg,
281_pH,
282_P,
282_K,
282_Mg,
282_pH,
283_P,
283_K,
283_Mg,
283_pH,
284_P,
284_K,
284_Mg,
284_pH,
285_P,
285_K,
285_Mg,
285_pH,
286_P,
286_K,
286_Mg,
286_pH,
287_P,
287_K,
287_Mg,
287_pH,
288_P,
288_K,
288_Mg,
288_pH,
289_P,
289_K,
289_Mg,
289_pH,
290_P,
290_K,
290_Mg,
290_pH,
291_P,
291_K,
291_Mg,
291_pH,
292_P,
292_K,
292_Mg,
292_pH,
293_P,
293_K,
293_Mg,
293_pH,
294_P,
294_K,
294_Mg,
294_pH,
295_P,
295_K,
295_Mg,
295_pH,
296_P,
296_K,
296_Mg,
296_pH,
297_P,
297_K,
297_Mg,
297_pH,
298_P,
298_K,
298_Mg,
298_pH,
299_P,
299_K,
299_Mg,
299_pH,
300_P,
300_K,
300_Mg,
300_pH,
301_P,
301_K,
301_Mg,
301_pH,
302_P,
302_K,
302_Mg,
302_pH,
303_P,
303_K,
303_Mg,
303_pH,
304_P,
304_K,
304_Mg,
304_pH,
305_P,
305_K,
305_Mg,
305_pH,
306_P,
306_K,
306_Mg,
306_pH,
307_P,
307_K,
307_Mg,
307_pH,
308_P,
308_K,
308_Mg,
308_pH,
309_P,
309_K,
309_Mg,
309_pH,
310_P,
310_K,
310_Mg,
310_pH,
311_P,
311_K,
311_Mg,
311_pH,
312_P,
312_K,
312_Mg,
312_pH,
313_P,
313_K,
313_Mg,
313_pH,
314_P,
314_K,
314_Mg,
314_pH,
315_P,
315_K,
315_Mg,
315_pH,
316_P,
316_K,
316_Mg,
316_pH,
317_P,
317_K,
317_Mg,
317_pH,
318_P,
318_K,
318_Mg,
318_pH,
319_P,
319_K,
319_Mg,
319_pH,
320_P,
320_K,
320_Mg,
320_pH,
321_P,
321_K,
321_Mg,
321_pH,
322_P,
322_K,
322_Mg,
322_pH,
323_P,
323_K,
323_Mg,
323_pH,
324_P,
324_K,
324_Mg,
324_pH,
325_P,
325_K,
325_Mg,
325_pH,
326_P,
326_K,
326_Mg,
326_pH,
327_P,
327_K,
327_Mg,
327_pH,
328_P,
328_K,
328_Mg,
328_pH,
329_P,
329_K,
329_Mg,
329_pH,
330_P,
330_K,
330_Mg,
330_pH,
331_P,
331_K,
331_Mg,
331_pH,
332_P,
332_K,
332_Mg,
332_pH,
333_P,
333_K,
333_Mg,
333_pH,
334_P,
334_K,
334_Mg,
334_pH,
335_P,
335_K,
335_Mg,
335_pH,
336_P,
336_K,
336_Mg,
336_pH,
337_P,
337_K,
337_Mg,
337_pH,
338_P,
338_K,
338_Mg,
338_pH,
339_P,
339_K,
339_Mg,
339_pH,
340_P,
340_K,
340_Mg,
340_pH,
341_P,
341_K,
341_Mg,
341_pH,
342_P,
342_K,
342_Mg,
342_pH,
343_P,
343_K,
343_Mg,
343_pH,
344_P,
344_K,
344_Mg,
344_pH,
345_P,
345_K,
345_Mg,
345_pH,
346_P,
346_K,
346_Mg,
346_pH,
347_P,
347_K,
347_Mg,
347_pH,
348_P,
348_K,
348_Mg,
348_pH,
349_P,
349_K,
349_Mg,
349_pH,
350_P,
350_K,
350_Mg,
350_pH,
351_P,
351_K,
351_Mg,
351_pH,
352_P,
352_K,
352_Mg,
352_pH,
353_P,
353_K,
353_Mg,
353_pH,
354_P,
354_K,
354_Mg,
354_pH,
355_P,
355_K,
355_Mg,
355_pH,
356_P,
356_K,
356_Mg,
356_pH,
357_P,
357_K,
357_Mg,
357_pH,
358_P,
358_K,
358_Mg,
358_pH,
359_P,
359_K,
359_Mg,
359_pH,
360_P,
360_K,
360_Mg,
360_pH,
361_P,
361_K,
361_Mg,
361_pH,
362_P,
362_K,
362_Mg,
362_pH,
363_P,
363_K,
363_Mg,
363_pH,
364_P,
364_K,
364_Mg,
364_pH,
365_P,
365_K,
365_Mg,
365_pH,
366_P,
366_K,
366_Mg,
366_pH,
367_P,
367_K,
367_Mg,
367_pH,
368_P,
368_K,
368_Mg,
368_pH,
369_P,
369_K,
369_Mg,
369_pH,
370_P,
370_K,
370_Mg,
370_pH,
371_P,
371_K,
371_Mg,
371_pH,
372_P,
372_K,
372_Mg,
372_pH,
373_P,
373_K,
373_Mg,
373_pH,
374_P,
374_K,
374_Mg,
374_pH,
375_P,
375_K,
375_Mg,
375_pH,
376_P,
376_K,
376_Mg,
376_pH,
377_P,
377_K,
377_Mg,
377_pH,
378_P,
378_K,
378_Mg,
378_pH,
379_P,
379_K,
379_Mg,
379_pH,
380_P,
380_K,
380_Mg,
380_pH,
381_P,
381_K,
381_Mg,
381_pH,
382_P,
382_K,
382_Mg,
382_pH,
383_P,
383_K,
383_Mg,
383_pH,
384_P,
384_K,
384_Mg,
384_pH,
385_P,
385_K,
385_Mg,
385_pH,
386_P,
386_K,
386_Mg,
386_pH,
387_P,
387_K,
387_Mg,
387_pH,
388_P,
388_K,
388_Mg,
388_pH,
389_P,
389_K,
389_Mg,
389_pH,
390_P,
390_K,
390_Mg,
390_pH,
391_P,
391_K,
391_Mg,
391_pH,
392_P,
392_K,
392_Mg,
392_pH,
393_P,
393_K,
393_Mg,
393_pH,
394_P,
394_K,
394_Mg,
394_pH,
395_P,
395_K,
395_Mg,
395_pH,
396_P,
396_K,
396_Mg,
396_pH,
397_P,
397_K,
397_Mg,
397_pH,
398_P,
398_K,
398_Mg,
398_pH,
399_P,
399_K,
399_Mg,
399_pH,
400_P,
400_K,
400_Mg,
400_pH,
401_P,
401_K,
401_Mg,
401_pH,
402_P,
402_K,
402_Mg,
402_pH,
403_P,
403_K,
403_Mg,
403_pH,
404_P,
404_K,
404_Mg,
404_pH,
405_P,
405_K,
405_Mg,
405_pH,
406_P,
406_K,
406_Mg,
406_pH,
407_P,
407_K,
407_Mg,
407_pH,
408_P,
408_K,
408_Mg,
408_pH,
409_P,
409_K,
409_Mg,
409_pH,
410_P,
410_K,
410_Mg,
410_pH,
411_P,
411_K,
411_Mg,
411_pH,
412_P,
412_K,
412_Mg,
412_pH,
413_P,
413_K,
413_Mg,
413_pH,
414_P,
414_K,
414_Mg,
414_pH,
415_P,
415_K,
415_Mg,
415_pH,
416_P,
416_K,
416_Mg,
416_pH,
417_P,
417_K,
417_Mg,
417_pH,
418_P,
418_K,
418_Mg,
418_pH,
419_P,
419_K,
419_Mg,
419_pH,
420_P,
420_K,
420_Mg,
420_pH,
421_P,
421_K,
421_Mg,
421_pH,
422_P,
422_K,
422_Mg,
422_pH,
423_P,
423_K,
423_Mg,
423_pH,
424_P,
424_K,
424_Mg,
424_pH,
425_P,
425_K,
425_Mg,
425_pH,
426_P,
426_K,
426_Mg,
426_pH,
427_P,
427_K,
427_Mg,
427_pH,
428_P,
428_K,
428_Mg,
428_pH,
429_P,
429_K,
429_Mg,
429_pH,
430_P,
430_K,
430_Mg,
430_pH,
431_P,
431_K,
431_Mg,
431_pH,
432_P,
432_K,
432_Mg,
432_pH,
433_P,
433_K,
433_Mg,
433_pH,
434_P,
434_K,
434_Mg,
434_pH,
435_P,
435_K,
435_Mg,
435_pH,
436_P,
436_K,
436_Mg,
436_pH,
437_P,
437_K,
437_Mg,
437_pH,
438_P,
438_K,
438_Mg,
438_pH,
439_P,
439_K,
439_Mg,
439_pH,
440_P,
440_K,
440_Mg,
440_pH,
441_P,
441_K,
441_Mg,
441_pH,
442_P,
442_K,
442_Mg,
442_pH,
443_P,
443_K,
443_Mg,
443_pH,
444_P,
444_K,
444_Mg,
444_pH,
445_P,
445_K,
445_Mg,
445_pH,
446_P,
446_K,
446_Mg,
446_pH,
447_P,
447_K,
447_Mg,
447_pH,
448_P,
448_K,
448_Mg,
448_pH,
449_P,
449_K,
449_Mg,
449_pH,
450_P,
450_K,
450_Mg,
450_pH,
451_P,
451_K,
451_Mg,
451_pH,
452_P,
452_K,
452_Mg,
452_pH,
453_P,
453_K,
453_Mg,
453_pH,
454_P,
454_K,
454_Mg,
454_pH,
455_P,
455_K,
455_Mg,
455_pH,
456_P,
456_K,
456_Mg,
456_pH,
457_P,
457_K,
457_Mg,
457_pH,
458_P,
458_K,
458_Mg,
458_pH,
459_P,
459_K,
459_Mg,
459_pH,
460_P,
460_K,
460_Mg,
460_pH,
461_P,
461_K,
461_Mg,
461_pH,
462_P,
462_K,
462_Mg,
462_pH,
463_P,
463_K,
463_Mg,
463_pH,
464_P,
464_K,
464_Mg,
464_pH,
465_P,
465_K,
465_Mg,
465_pH,
466_P,
466_K,
466_Mg,
466_pH,
467_P,
467_K,
467_Mg,
467_pH,
468_P,
468_K,
468_Mg,
468_pH,
469_P,
469_K,
469_Mg,
469_pH,
470_P,
470_K,
470_Mg,
470_pH,
471_P,
471_K,
471_Mg,
471_pH,
472_P,
472_K,
472_Mg,
472_pH,
473_P,
473_K,
473_Mg,
473_pH,
474_P,
474_K,
474_Mg,
474_pH,
475_P,
475_K,
475_Mg,
475_pH,
476_P,
476_K,
476_Mg,
476_pH,
477_P,
477_K,
477_Mg,
477_pH,
478_P,
478_K,
478_Mg,
478_pH,
479_P,
479_K,
479_Mg,
479_pH,
480_P,
480_K,
480_Mg,
480_pH,
481_P,
481_K,
481_Mg,
481_pH,
482_P,
482_K,
482_Mg,
482_pH,
483_P,
483_K,
483_Mg,
483_pH,
484_P,
484_K,
484_Mg,
484_pH,
485_P,
485_K,
485_Mg,
485_pH,
486_P,
486_K,
486_Mg,
486_pH,
487_P,
487_K,
487_Mg,
487_pH,
488_P,
488_K,
488_Mg,
488_pH,
489_P,
489_K,
489_Mg,
489_pH,
490_P,
490_K,
490_Mg,
490_pH,
491_P,
491_K,
491_Mg,
491_pH,
492_P,
492_K,
492_Mg,
492_pH,
493_P,
493_K,
493_Mg,
493_pH,
494_P,
494_K,
494_Mg,
494_pH,
495_P,
495_K,
495_Mg,
495_pH,
496_P,
496_K,
496_Mg,
496_pH,
497_P,
497_K,
497_Mg,
497_pH,
498_P,
498_K,
498_Mg,
498_pH,
499_P,
499_K,
499_Mg,
499_pH,
500_P,
500_K,
500_Mg,
500_pH,
501_P,
501_K,
501_Mg,
501_pH,
502_P,
502_K,
502_Mg,
502_pH,
503_P,
503_K,
503_Mg,
503_pH,
504_P,
504_K,
504_Mg,
504_pH,
505_P,
505_K,
505_Mg,
505_pH,
506_P,
506_K,
506_Mg,
506_pH,
507_P,
507_K,
507_Mg,
507_pH,
508_P,
508_K,
508_Mg,
508_pH,
509_P,
509_K,
509_Mg,
509_pH,
510_P,
510_K,
510_Mg,
510_pH,
511_P,
511_K,
511_Mg,
511_pH,
512_P,
512_K,
512_Mg,
512_pH,
513_P,
513_K,
513_Mg,
513_pH,
514_P,
514_K,
514_Mg,
514_pH,
515_P,
515_K,
515_Mg,
515_pH,
516_P,
516_K,
516_Mg,
516_pH,
517_P,
517_K,
517_Mg,
517_pH,
518_P,
518_K,
518_Mg,
518_pH,
519_P,
519_K,
519_Mg,
519_pH,
520_P,
520_K,
520_Mg,
520_pH,
521_P,
521_K,
521_Mg,
521_pH,
522_P,
522_K,
522_Mg,
522_pH,
523_P,
523_K,
523_Mg,
523_pH,
524_P,
524_K,
524_Mg,
524_pH,
525_P,
525_K,
525_Mg,
525_pH,
526_P,
526_K,
526_Mg,
526_pH,
527_P,
527_K,
527_Mg,
527_pH,
528_P,
528_K,
528_Mg,
528_pH,
529_P,
529_K,
529_Mg,
529_pH,
530_P,
530_K,
530_Mg,
530_pH,
531_P,
531_K,
531_Mg,
531_pH,
532_P,
532_K,
532_Mg,
532_pH,
533_P,
533_K,
533_Mg,
533_pH,
534_P,
534_K,
534_Mg,
534_pH,
535_P,
535_K,
535_Mg,
535_pH,
536_P,
536_K,
536_Mg,
536_pH,
537_P,
537_K,
537_Mg,
537_pH,
538_P,
538_K,
538_Mg,
538_pH,
539_P,
539_K,
539_Mg,
539_pH,
540_P,
540_K,
540_Mg,
540_pH,
541_P,
541_K,
541_Mg,
541_pH,
542_P,
542_K,
542_Mg,
542_pH,
543_P,
543_K,
543_Mg,
543_pH,
544_P,
544_K,
544_Mg,
544_pH,
545_P,
545_K,
545_Mg,
545_pH,
546_P,
546_K,
546_Mg,
546_pH,
547_P,
547_K,
547_Mg,
547_pH,
548_P,
548_K,
548_Mg,
548_pH,
549_P,
549_K,
549_Mg,
549_pH,
550_P,
550_K,
550_Mg,
550_pH,
551_P,
551_K,
551_Mg,
551_pH,
552_P,
552_K,
552_Mg,
552_pH,
553_P,
553_K,
553_Mg,
553_pH,
554_P,
554_K,
554_Mg,
554_pH,
555_P,
555_K,
555_Mg,
555_pH,
556_P,
556_K,
556_Mg,
556_pH,
557_P,
557_K,
557_Mg,
557_pH,
558_P,
558_K,
558_Mg,
558_pH,
559_P,
559_K,
559_Mg,
559_pH,
560_P,
560_K,
560_Mg,
560_pH,
561_P,
561_K,
561_Mg,
561_pH,
562_P,
562_K,
562_Mg,
562_pH,
563_P,
563_K,
563_Mg,
563_pH,
564_P,
564_K,
564_Mg,
564_pH,
565_P,
565_K,
565_Mg,
565_pH,
566_P,
566_K,
566_Mg,
566_pH,
567_P,
567_K,
567_Mg,
567_pH,
568_P,
568_K,
568_Mg,
568_pH,
569_P,
569_K,
569_Mg,
569_pH,
570_P,
570_K,
570_Mg,
570_pH,
571_P,
571_K,
571_Mg,
571_pH,
572_P,
572_K,
572_Mg,
572_pH,
573_P,
573_K,
573_Mg,
573_pH,
574_P,
574_K,
574_Mg,
574_pH,
575_P,
575_K,
575_Mg,
575_pH,
576_P,
576_K,
576_Mg,
576_pH,
577_P,
577_K,
577_Mg,
577_pH,
578_P,
578_K,
578_Mg,
578_pH,
579_P,
579_K,
579_Mg,
579_pH,
580_P,
580_K,
580_Mg,
580_pH,
581_P,
581_K,
581_Mg,
581_pH,
582_P,
582_K,
582_Mg,
582_pH,
583_P,
583_K,
583_Mg,
583_pH,
584_P,
584_K,
584_Mg,
584_pH,
585_P,
585_K,
585_Mg,
585_pH,
586_P,
586_K,
586_Mg,
586_pH,
587_P,
587_K,
587_Mg,
587_pH,
588_P,
588_K,
588_Mg,
588_pH,
589_P,
589_K,
589_Mg,
589_pH,
590_P,
590_K,
590_Mg,
590_pH,
591_P,
591_K,
591_Mg,
591_pH,
592_P,
592_K,
592_Mg,
592_pH,
593_P,
593_K,
593_Mg,
593_pH,
594_P,
594_K,
594_Mg,
594_pH,
595_P,
595_K,
595_Mg,
595_pH,
596_P,
596_K,
596_Mg,
596_pH,
597_P,
597_K,
597_Mg,
597_pH,
598_P,
598_K,
598_Mg,
598_pH,
599_P,
599_K,
599_Mg,
599_pH,
600_P,
600_K,
600_Mg,
600_pH,
601_P,
601_K,
601_Mg,
601_pH,
602_P,
602_K,
602_Mg,
602_pH,
603_P,
603_K,
603_Mg,
603_pH,
604_P,
604_K,
604_Mg,
604_pH,
605_P,
605_K,
605_Mg,
605_pH,
606_P,
606_K,
606_Mg,
606_pH,
607_P,
607_K,
607_Mg,
607_pH,
608_P,
608_K,
608_Mg,
608_pH,
609_P,
609_K,
609_Mg,
609_pH,
610_P,
610_K,
610_Mg,
610_pH,
611_P,
611_K,
611_Mg,
611_pH,
612_P,
612_K,
612_Mg,
612_pH,
613_P,
613_K,
613_Mg,
613_pH,
614_P,
614_K,
614_Mg,
614_pH,
615_P,
615_K,
615_Mg,
615_pH,
616_P,
616_K,
616_Mg,
616_pH,
617_P,
617_K,
617_Mg,
617_pH,
618_P,
618_K,
618_Mg,
618_pH,
619_P,
619_K,
619_Mg,
619_pH,
620_P,
620_K,
620_Mg,
620_pH,
621_P,
621_K,
621_Mg,
621_pH,
622_P,
622_K,
622_Mg,
622_pH,
623_P,
623_K,
623_Mg,
623_pH,
624_P,
624_K,
624_Mg,
624_pH,
625_P,
625_K,
625_Mg,
625_pH,
626_P,
626_K,
626_Mg,
626_pH,
627_P,
627_K,
627_Mg,
627_pH,
628_P,
628_K,
628_Mg,
628_pH,
629_P,
629_K,
629_Mg,
629_pH,
630_P,
630_K,
630_Mg,
630_pH,
631_P,
631_K,
631_Mg,
631_pH,
632_P,
632_K,
632_Mg,
632_pH,
633_P,
633_K,
633_Mg,
633_pH,
634_P,
634_K,
634_Mg,
634_pH,
635_P,
635_K,
635_Mg,
635_pH,
636_P,
636_K,
636_Mg,
636_pH,
637_P,
637_K,
637_Mg,
637_pH,
638_P,
638_K,
638_Mg,
638_pH,
639_P,
639_K,
639_Mg,
639_pH,
640_P,
640_K,
640_Mg,
640_pH,
641_P,
641_K,
641_Mg,
641_pH,
642_P,
642_K,
642_Mg,
642_pH,
643_P,
643_K,
643_Mg,
643_pH,
644_P,
644_K,
644_Mg,
644_pH,
645_P,
645_K,
645_Mg,
645_pH,
646_P,
646_K,
646_Mg,
646_pH,
647_P,
647_K,
647_Mg,
647_pH,
648_P,
648_K,
648_Mg,
648_pH,
649_P,
649_K,
649_Mg,
649_pH,
650_P,
650_K,
650_Mg,
650_pH,
651_P,
651_K,
651_Mg,
651_pH,
652_P,
652_K,
652_Mg,
652_pH,
653_P,
653_K,
653_Mg,
653_pH,
654_P,
654_K,
654_Mg,
654_pH,
655_P,
655_K,
655_Mg,
655_pH,
656_P,
656_K,
656_Mg,
656_pH,
657_P,
657_K,
657_Mg,
657_pH,
658_P,
658_K,
658_Mg,
658_pH,
659_P,
659_K,
659_Mg,
659_pH,
660_P,
660_K,
660_Mg,
660_pH,
661_P,
661_K,
661_Mg,
661_pH,
662_P,
662_K,
662_Mg,
662_pH,
663_P,
663_K,
663_Mg,
663_pH,
664_P,
664_K,
664_Mg,
664_pH,
665_P,
665_K,
665_Mg,
665_pH,
666_P,
666_K,
666_Mg,
666_pH,
667_P,
667_K,
667_Mg,
667_pH,
668_P,
668_K,
668_Mg,
668_pH,
669_P,
669_K,
669_Mg,
669_pH,
670_P,
670_K,
670_Mg,
670_pH,
671_P,
671_K,
671_Mg,
671_pH,
672_P,
672_K,
672_Mg,
672_pH,
673_P,
673_K,
673_Mg,
673_pH,
674_P,
674_K,
674_Mg,
674_pH,
675_P,
675_K,
675_Mg,
675_pH,
676_P,
676_K,
676_Mg,
676_pH,
677_P,
677_K,
677_Mg,
677_pH,
678_P,
678_K,
678_Mg,
678_pH,
679_P,
679_K,
679_Mg,
679_pH,
680_P,
680_K,
680_Mg,
680_pH,
681_P,
681_K,
681_Mg,
681_pH,
682_P,
682_K,
682_Mg,
682_pH,
683_P,
683_K,
683_Mg,
683_pH,
684_P,
684_K,
684_Mg,
684_pH,
685_P,
685_K,
685_Mg,
685_pH,
686_P,
686_K,
686_Mg,
686_pH,
687_P,
687_K,
687_Mg,
687_pH,
688_P,
688_K,
688_Mg,
688_pH,
689_P,
689_K,
689_Mg,
689_pH,
690_P,
690_K,
690_Mg,
690_pH,
691_P,
691_K,
691_Mg,
691_pH,
692_P,
692_K,
692_Mg,
692_pH,
693_P,
693_K,
693_Mg,
693_pH,
694_P,
694_K,
694_Mg,
694_pH,
695_P,
695_K,
695_Mg,
695_pH,
696_P,
696_K,
696_Mg,
696_pH,
697_P,
697_K,
697_Mg,
697_pH,
698_P,
698_K,
698_Mg,
698_pH,
699_P,
699_K,
699_Mg,
699_pH,
700_P,
700_K,
700_Mg,
700_pH,
701_P,
701_K,
701_Mg,
701_pH,
702_P,
702_K,
702_Mg,
702_pH,
703_P,
703_K,
703_Mg,
703_pH,
704_P,
704_K,
704_Mg,
704_pH,
705_P,
705_K,
705_Mg,
705_pH,
706_P,
706_K,
706_Mg,
706_pH,
707_P,
707_K,
707_Mg,
707_pH,
708_P,
708_K,
708_Mg,
708_pH,
709_P,
709_K,
709_Mg,
709_pH,
710_P,
710_K,
710_Mg,
710_pH,
711_P,
711_K,
711_Mg,
711_pH,
712_P,
712_K,
712_Mg,
712_pH,
713_P,
713_K,
713_Mg,
713_pH,
714_P,
714_K,
714_Mg,
714_pH,
715_P,
715_K,
715_Mg,
715_pH,
716_P,
716_K,
716_Mg,
716_pH,
717_P,
717_K,
717_Mg,
717_pH,
718_P,
718_K,
718_Mg,
718_pH,
719_P,
719_K,
719_Mg,
719_pH,
720_P,
720_K,
720_Mg,
720_pH,
721_P,
721_K,
721_Mg,
721_pH,
722_P,
722_K,
722_Mg,
722_pH,
723_P,
723_K,
723_Mg,
723_pH,
724_P,
724_K,
724_Mg,
724_pH,
725_P,
725_K,
725_Mg,
725_pH,
726_P,
726_K,
726_Mg,
726_pH,
727_P,
727_K,
727_Mg,
727_pH,
728_P,
728_K,
728_Mg,
728_pH,
729_P,
729_K,
729_Mg,
729_pH,
730_P,
730_K,
730_Mg,
730_pH,
731_P,
731_K,
731_Mg,
731_pH,
732_P,
732_K,
732_Mg,
732_pH,
733_P,
733_K,
733_Mg,
733_pH,
734_P,
734_K,
734_Mg,
734_pH,
735_P,
735_K,
735_Mg,
735_pH,
736_P,
736_K,
736_Mg,
736_pH,
737_P,
737_K,
737_Mg,
737_pH,
738_P,
738_K,
738_Mg,
738_pH,
739_P,
739_K,
739_Mg,
739_pH,
740_P,
740_K,
740_Mg,
740_pH,
741_P,
741_K,
741_Mg,
741_pH,
742_P,
742_K,
742_Mg,
742_pH,
743_P,
743_K,
743_Mg,
743_pH,
744_P,
744_K,
744_Mg,
744_pH,
745_P,
745_K,
745_Mg,
745_pH,
746_P,
746_K,
746_Mg,
746_pH,
747_P,
747_K,
747_Mg,
747_pH,
748_P,
748_K,
748_Mg,
748_pH,
749_P,
749_K,
749_Mg,
749_pH,
750_P,
750_K,
750_Mg,
750_pH,
751_P,
751_K,
751_Mg,
751_pH,
752_P,
752_K,
752_Mg,
752_pH,
753_P,
753_K,
753_Mg,
753_pH,
754_P,
754_K,
754_Mg,
754_pH,
755_P,
755_K,
755_Mg,
755_pH,
756_P,
756_K,
756_Mg,
756_pH,
757_P,
757_K,
757_Mg,
757_pH,
758_P,
758_K,
758_Mg,
758_pH,
759_P,
759_K,
759_Mg,
759_pH,
760_P,
760_K,
760_Mg,
760_pH,
761_P,
761_K,
761_Mg,
761_pH,
762_P,
762_K,
762_Mg,
762_pH,
763_P,
763_K,
763_Mg,
763_pH,
764_P,
764_K,
764_Mg,
764_pH,
765_P,
765_K,
765_Mg,
765_pH,
766_P,
766_K,
766_Mg,
766_pH,
767_P,
767_K,
767_Mg,
767_pH,
768_P,
768_K,
768_Mg,
768_pH,
769_P,
769_K,
769_Mg,
769_pH,
770_P,
770_K,
770_Mg,
770_pH,
771_P,
771_K,
771_Mg,
771_pH,
772_P,
772_K,
772_Mg,
772_pH,
773_P,
773_K,
773_Mg,
773_pH,
774_P,
774_K,
774_Mg,
774_pH,
775_P,
775_K,
775_Mg,
775_pH,
776_P,
776_K,
776_Mg,
776_pH,
777_P,
777_K,
777_Mg,
777_pH,
778_P,
778_K,
778_Mg,
778_pH,
779_P,
779_K,
779_Mg,
779_pH,
780_P,
780_K,
780_Mg,
780_pH,
781_P,
781_K,
781_Mg,
781_pH,
782_P,
782_K,
782_Mg,
782_pH,
783_P,
783_K,
783_Mg,
783_pH,
784_P,
784_K,
784_Mg,
784_pH,
785_P,
785_K,
785_Mg,
785_pH,
786_P,
786_K,
786_Mg,
786_pH,
787_P,
787_K,
787_Mg,
787_pH,
788_P,
788_K,
788_Mg,
788_pH,
789_P,
789_K,
789_Mg,
789_pH,
790_P,
790_K,
790_Mg,
790_pH,
791_P,
791_K,
791_Mg,
791_pH,
792_P,
792_K,
792_Mg,
792_pH,
793_P,
793_K,
793_Mg,
793_pH,
794_P,
794_K,
794_Mg,
794_pH,
795_P,
795_K,
795_Mg,
795_pH,
796_P,
796_K,
796_Mg,
796_pH,
797_P,
797_K,
797_Mg,
797_pH,
798_P,
798_K,
798_Mg,
798_pH,
799_P,
799_K,
799_Mg,
799_pH,
800_P,
800_K,
800_Mg,
800_pH,
801_P,
801_K,
801_Mg,
801_pH,
802_P,
802_K,
802_Mg,
802_pH,
803_P,
803_K,
803_Mg,
803_pH,
804_P,
804_K,
804_Mg,
804_pH,
805_P,
805_K,
805_Mg,
805_pH,
806_P,
806_K,
806_Mg,
806_pH,
807_P,
807_K,
807_Mg,
807_pH,
808_P,
808_K,
808_Mg,
808_pH,
809_P,
809_K,
809_Mg,
809_pH,
810_P,
810_K,
810_Mg,
810_pH,
811_P,
811_K,
811_Mg,
811_pH,
812_P,
812_K,
812_Mg,
812_pH,
813_P,
813_K,
813_Mg,
813_pH,
814_P,
814_K,
814_Mg,
814_pH,
815_P,
815_K,
815_Mg,
815_pH,
816_P,
816_K,
816_Mg,
816_pH,
817_P,
817_K,
817_Mg,
817_pH,
818_P,
818_K,
818_Mg,
818_pH,
819_P,
819_K,
819_Mg,
819_pH,
820_P,
820_K,
820_Mg,
820_pH,
821_P,
821_K,
821_Mg,
821_pH,
822_P,
822_K,
822_Mg,
822_pH,
823_P,
823_K,
823_Mg,
823_pH,
824_P,
824_K,
824_Mg,
824_pH,
825_P,
825_K,
825_Mg,
825_pH,
826_P,
826_K,
826_Mg,
826_pH,
827_P,
827_K,
827_Mg,
827_pH,
828_P,
828_K,
828_Mg,
828_pH,
829_P,
829_K,
829_Mg,
829_pH,
830_P,
830_K,
830_Mg,
830_pH,
831_P,
831_K,
831_Mg,
831_pH,
832_P,
832_K,
832_Mg,
832_pH,
833_P,
833_K,
833_Mg,
833_pH,
834_P,
834_K,
834_Mg,
834_pH,
835_P,
835_K,
835_Mg,
835_pH,
836_P,
836_K,
836_Mg,
836_pH,
837_P,
837_K,
837_Mg,
837_pH,
838_P,
838_K,
838_Mg,
838_pH,
839_P,
839_K,
839_Mg,
839_pH,
840_P,
840_K,
840_Mg,
840_pH,
841_P,
841_K,
841_Mg,
841_pH,
842_P,
842_K,
842_Mg,
842_pH,
843_P,
843_K,
843_Mg,
843_pH,
844_P,
844_K,
844_Mg,
844_pH,
845_P,
845_K,
845_Mg,
845_pH,
846_P,
846_K,
846_Mg,
846_pH,
847_P,
847_K,
847_Mg,
847_pH,
848_P,
848_K,
848_Mg,
848_pH,
849_P,
849_K,
849_Mg,
849_pH,
850_P,
850_K,
850_Mg,
850_pH,
851_P,
851_K,
851_Mg,
851_pH,
852_P,
852_K,
852_Mg,
852_pH,
853_P,
853_K,
853_Mg,
853_pH,
854_P,
854_K,
854_Mg,
854_pH,
855_P,
855_K,
855_Mg,
855_pH,
856_P,
856_K,
856_Mg,
856_pH,
857_P,
857_K,
857_Mg,
857_pH,
858_P,
858_K,
858_Mg,
858_pH,
859_P,
859_K,
859_Mg,
859_pH,
860_P,
860_K,
860_Mg,
860_pH,
861_P,
861_K,
861_Mg,
861_pH,
862_P,
862_K,
862_Mg,
862_pH,
863_P,
863_K,
863_Mg,
863_pH,
864_P,
864_K,
864_Mg,
864_pH,
865_P,
865_K,
865_Mg,
865_pH,
866_P,
866_K,
866_Mg,
866_pH,
867_P,
867_K,
867_Mg,
867_pH,
868_P,
868_K,
868_Mg,
868_pH,
869_P,
869_K,
869_Mg,
869_pH,
870_P,
870_K,
870_Mg,
870_pH,
871_P,
871_K,
871_Mg,
871_pH,
872_P,
872_K,
872_Mg,
872_pH,
873_P,
873_K,
873_Mg,
873_pH,
874_P,
874_K,
874_Mg,
874_pH,
875_P,
875_K,
875_Mg,
875_pH,
876_P,
876_K,
876_Mg,
876_pH,
877_P,
877_K,
877_Mg,
877_pH,
878_P,
878_K,
878_Mg,
878_pH,
879_P,
879_K,
879_Mg,
879_pH,
880_P,
880_K,
880_Mg,
880_pH,
881_P,
881_K,
881_Mg,
881_pH,
882_P,
882_K,
882_Mg,
882_pH,
883_P,
883_K,
883_Mg,
883_pH,
884_P,
884_K,
884_Mg,
884_pH,
885_P,
885_K,
885_Mg,
885_pH,
886_P,
886_K,
886_Mg,
886_pH,
887_P,
887_K,
887_Mg,
887_pH,
888_P,
888_K,
888_Mg,
888_pH,
889_P,
889_K,
889_Mg,
889_pH,
890_P,
890_K,
890_Mg,
890_pH,
891_P,
891_K,
891_Mg,
891_pH,
892_P,
892_K,
892_Mg,
892_pH,
893_P,
893_K,
893_Mg,
893_pH,
894_P,
894_K,
894_Mg,
894_pH,
895_P,
895_K,
895_Mg,
895_pH,
896_P,
896_K,
896_Mg,
896_pH,
897_P,
897_K,
897_Mg,
897_pH,
898_P,
898_K,
898_Mg,
898_pH,
899_P,
899_K,
899_Mg,
899_pH,
900_P,
900_K,
900_Mg,
900_pH,
901_P,
901_K,
901_Mg,
901_pH,
902_P,
902_K,
902_Mg,
902_pH,
903_P,
903_K,
903_Mg,
903_pH,
904_P,
904_K,
904_Mg,
904_pH,
905_P,
905_K,
905_Mg,
905_pH,
906_P,
906_K,
906_Mg,
906_pH,
907_P,
907_K,
907_Mg,
907_pH,
908_P,
908_K,
908_Mg,
908_pH,
909_P,
909_K,
909_Mg,
909_pH,
910_P,
910_K,
910_Mg,
910_pH,
911_P,
911_K,
911_Mg,
911_pH,
912_P,
912_K,
912_Mg,
912_pH,
913_P,
913_K,
913_Mg,
913_pH,
914_P,
914_K,
914_Mg,
914_pH,
915_P,
915_K,
915_Mg,
915_pH,
916_P,
916_K,
916_Mg,
916_pH,
917_P,
917_K,
917_Mg,
917_pH,
918_P,
918_K,
918_Mg,
918_pH,
919_P,
919_K,
919_Mg,
919_pH,
920_P,
920_K,
920_Mg,
920_pH,
921_P,
921_K,
921_Mg,
921_pH,
922_P,
922_K,
922_Mg,
922_pH,
923_P,
923_K,
923_Mg,
923_pH,
924_P,
924_K,
924_Mg,
924_pH,
925_P,
925_K,
925_Mg,
925_pH,
926_P,
926_K,
926_Mg,
926_pH,
927_P,
927_K,
927_Mg,
927_pH,
928_P,
928_K,
928_Mg,
928_pH,
929_P,
929_K,
929_Mg,
929_pH,
930_P,
930_K,
930_Mg,
930_pH,
931_P,
931_K,
931_Mg,
931_pH,
932_P,
932_K,
932_Mg,
932_pH,
933_P,
933_K,
933_Mg,
933_pH,
934_P,
934_K,
934_Mg,
934_pH,
935_P,
935_K,
935_Mg,
935_pH,
936_P,
936_K,
936_Mg,
936_pH,
937_P,
937_K,
937_Mg,
937_pH,
938_P,
938_K,
938_Mg,
938_pH,
939_P,
939_K,
939_Mg,
939_pH,
940_P,
940_K,
940_Mg,
940_pH,
941_P,
941_K,
941_Mg,
941_pH,
942_P,
942_K,
942_Mg,
942_pH,
943_P,
943_K,
943_Mg,
943_pH,
944_P,
944_K,
944_Mg,
944_pH,
945_P,
945_K,
945_Mg,
945_pH,
946_P,
946_K,
946_Mg,
946_pH,
947_P,
947_K,
947_Mg,
947_pH,
948_P,
948_K,
948_Mg,
948_pH,
949_P,
949_K,
949_Mg,
949_pH,
950_P,
950_K,
950_Mg,
950_pH,
951_P,
951_K,
951_Mg,
951_pH,
952_P,
952_K,
952_Mg,
952_pH,
953_P,
953_K,
953_Mg,
953_pH,
954_P,
954_K,
954_Mg,
954_pH,
955_P,
955_K,
955_Mg,
955_pH,
956_P,
956_K,
956_Mg,
956_pH,
957_P,
957_K,
957_Mg,
957_pH,
958_P,
958_K,
958_Mg,
958_pH,
959_P,
959_K,
959_Mg,
959_pH,
960_P,
960_K,
960_Mg,
960_pH,
961_P,
961_K,
961_Mg,
961_pH,
962_P,
962_K,
962_Mg,
962_pH,
963_P,
963_K,
963_Mg,
963_pH,
964_P,
964_K,
964_Mg,
964_pH,
965_P,
965_K,
965_Mg,
965_pH,
966_P,
966_K,
966_Mg,
966_pH,
967_P,
967_K,
967_Mg,
967_pH,
968_P,
968_K,
968_Mg,
968_pH,
969_P,
969_K,
969_Mg,
969_pH,
970_P,
970_K,
970_Mg,
970_pH,
971_P,
971_K,
971_Mg,
971_pH,
972_P,
972_K,
972_Mg,
972_pH,
973_P,
973_K,
973_Mg,
973_pH,
974_P,
974_K,
974_Mg,
974_pH,
975_P,
975_K,
975_Mg,
975_pH,
976_P,
976_K,
976_Mg,
976_pH,
977_P,
977_K,
977_Mg,
977_pH,
978_P,
978_K,
978_Mg,
978_pH,
979_P,
979_K,
979_Mg,
979_pH,
980_P,
980_K,
980_Mg,
980_pH,
981_P,
981_K,
981_Mg,
981_pH,
982_P,
982_K,
982_Mg,
982_pH,
983_P,
983_K,
983_Mg,
983_pH,
984_P,
984_K,
984_Mg,
984_pH,
985_P,
985_K,
985_Mg,
985_pH,
986_P,
986_K,
986_Mg,
986_pH,
987_P,
987_K,
987_Mg,
987_pH,
988_P,
988_K,
988_Mg,
988_pH,
989_P,
989_K,
989_Mg,
989_pH,
990_P,
990_K,
990_Mg,
990_pH,
991_P,
991_K,
991_Mg,
991_pH,
992_P,
992_K,
992_Mg,
992_pH,
993_P,
993_K,
993_Mg,
993_pH,
994_P,
994_K,
994_Mg,
994_pH,
995_P,
995_K,
995_Mg,
995_pH,
996_P,
996_K,
996_Mg,
996_pH,
997_P,
997_K,
997_Mg,
997_pH,
998_P,
998_K,
998_Mg,
998_pH,
999_P,
999_K,
999_Mg,
999_pH,
1000_P,
1000_K,
1000_Mg,
1000_pH,
1001_P,
1001_K,
1001_Mg,
1001_pH,
1002_P,
1002_K,
1002_Mg,
1002_pH,
1003_P,
1003_K,
1003_Mg,
1003_pH,
1004_P,
1004_K,
1004_Mg,
1004_pH,
1005_P,
1005_K,
1005_Mg,
1005_pH,
1006_P,
1006_K,
1006_Mg,
1006_pH,
1007_P,
1007_K,
1007_Mg,
1007_pH,
1008_P,
1008_K,
1008_Mg,
1008_pH,
1009_P,
1009_K,
1009_Mg,
1009_pH,
1010_P,
1010_K,
1010_Mg,
1010_pH,
1011_P,
1011_K,
1011_Mg,
1011_pH,
1012_P,
1012_K,
1012_Mg,
1012_pH,
1013_P,
1013_K,
1013_Mg,
1013_pH,
1014_P,
1014_K,
1014_Mg,
1014_pH,
1015_P,
1015_K,
1015_Mg,
1015_pH,
1016_P,
1016_K,
1016_Mg,
1016_pH,
1017_P,
1017_K,
1017_Mg,
1017_pH,
1018_P,
1018_K,
1018_Mg,
1018_pH,
1019_P,
1019_K,
1019_Mg,
1019_pH,
1020_P,
1020_K,
1020_Mg,
1020_pH,
1021_P,
1021_K,
1021_Mg,
1021_pH,
1022_P,
1022_K,
1022_Mg,
1022_pH,
1023_P,
1023_K,
1023_Mg,
1023_pH,
1024_P,
1024_K,
1024_Mg,
1024_pH,
1025_P,
1025_K,
1025_Mg,
1025_pH,
1026_P,
1026_K,
1026_Mg,
1026_pH,
1027_P,
1027_K,
1027_Mg,
1027_pH,
1028_P,
1028_K,
1028_Mg,
1028_pH,
1029_P,
1029_K,
1029_Mg,
1029_pH,
1030_P,
1030_K,
1030_Mg,
1030_pH,
1031_P,
1031_K,
1031_Mg,
1031_pH,
1032_P,
1032_K,
1032_Mg,
1032_pH,
1033_P,
1033_K,
1033_Mg,
1033_pH,
1034_P,
1034_K,
1034_Mg,
1034_pH,
1035_P,
1035_K,
1035_Mg,
1035_pH,
1036_P,
1036_K,
1036_Mg,
1036_pH,
1037_P,
1037_K,
1037_Mg,
1037_pH,
1038_P,
1038_K,
1038_Mg,
1038_pH,
1039_P,
1039_K,
1039_Mg,
1039_pH,
1040_P,
1040_K,
1040_Mg,
1040_pH,
1041_P,
1041_K,
1041_Mg,
1041_pH,
1042_P,
1042_K,
1042_Mg,
1042_pH,
1043_P,
1043_K,
1043_Mg,
1043_pH,
1044_P,
1044_K,
1044_Mg,
1044_pH,
1045_P,
1045_K,
1045_Mg,
1045_pH,
1046_P,
1046_K,
1046_Mg,
1046_pH,
1047_P,
1047_K,
1047_Mg,
1047_pH,
1048_P,
1048_K,
1048_Mg,
1048_pH,
1049_P,
1049_K,
1049_Mg,
1049_pH,
1050_P,
1050_K,
1050_Mg,
1050_pH,
1051_P,
1051_K,
1051_Mg,
1051_pH,
1052_P,
1052_K,
1052_Mg,
1052_pH,
1053_P,
1053_K,
1053_Mg,
1053_pH,
1054_P,
1054_K,
1054_Mg,
1054_pH,
1055_P,
1055_K,
1055_Mg,
1055_pH,
1056_P,
1056_K,
1056_Mg,
1056_pH,
1057_P,
1057_K,
1057_Mg,
1057_pH,
1058_P,
1058_K,
1058_Mg,
1058_pH,
1059_P,
1059_K,
1059_Mg,
1059_pH,
1060_P,
1060_K,
1060_Mg,
1060_pH,
1061_P,
1061_K,
1061_Mg,
1061_pH,
1062_P,
1062_K,
1062_Mg,
1062_pH,
1063_P,
1063_K,
1063_Mg,
1063_pH,
1064_P,
1064_K,
1064_Mg,
1064_pH,
1065_P,
1065_K,
1065_Mg,
1065_pH,
1066_P,
1066_K,
1066_Mg,
1066_pH,
1067_P,
1067_K,
1067_Mg,
1067_pH,
1068_P,
1068_K,
1068_Mg,
1068_pH,
1069_P,
1069_K,
1069_Mg,
1069_pH,
1070_P,
1070_K,
1070_Mg,
1070_pH,
1071_P,
1071_K,
1071_Mg,
1071_pH,
1072_P,
1072_K,
1072_Mg,
1072_pH,
1073_P,
1073_K,
1073_Mg,
1073_pH,
1074_P,
1074_K,
1074_Mg,
1074_pH,
1075_P,
1075_K,
1075_Mg,
1075_pH,
1076_P,
1076_K,
1076_Mg,
1076_pH,
1077_P,
1077_K,
1077_Mg,
1077_pH,
1078_P,
1078_K,
1078_Mg,
1078_pH,
1079_P,
1079_K,
1079_Mg,
1079_pH,
1080_P,
1080_K,
1080_Mg,
1080_pH,
1081_P,
1081_K,
1081_Mg,
1081_pH,
1082_P,
1082_K,
1082_Mg,
1082_pH,
1083_P,
1083_K,
1083_Mg,
1083_pH,
1084_P,
1084_K,
1084_Mg,
1084_pH,
1085_P,
1085_K,
1085_Mg,
1085_pH,
1086_P,
1086_K,
1086_Mg,
1086_pH,
1087_P,
1087_K,
1087_Mg,
1087_pH,
1088_P,
1088_K,
1088_Mg,
1088_pH,
1089_P,
1089_K,
1089_Mg,
1089_pH,
1090_P,
1090_K,
1090_Mg,
1090_pH,
1091_P,
1091_K,
1091_Mg,
1091_pH,
1092_P,
1092_K,
1092_Mg,
1092_pH,
1093_P,
1093_K,
1093_Mg,
1093_pH,
1094_P,
1094_K,
1094_Mg,
1094_pH,
1095_P,
1095_K,
1095_Mg,
1095_pH,
1096_P,
1096_K,
1096_Mg,
1096_pH,
1097_P,
1097_K,
1097_Mg,
1097_pH,
1098_P,
1098_K,
1098_Mg,
1098_pH,
1099_P,
1099_K,
1099_Mg,
1099_pH,
1100_P,
1100_K,
1100_Mg,
1100_pH,
1101_P,
1101_K,
1101_Mg,
1101_pH,
1102_P,
1102_K,
1102_Mg,
1102_pH,
1103_P,
1103_K,
1103_Mg,
1103_pH,
1104_P,
1104_K,
1104_Mg,
1104_pH,
1105_P,
1105_K,
1105_Mg,
1105_pH,
1106_P,
1106_K,
1106_Mg,
1106_pH,
1107_P,
1107_K,
1107_Mg,
1107_pH,
1108_P,
1108_K,
1108_Mg,
1108_pH,
1109_P,
1109_K,
1109_Mg,
1109_pH,
1110_P,
1110_K,
1110_Mg,
1110_pH,
1111_P,
1111_K,
1111_Mg,
1111_pH,
1112_P,
1112_K,
1112_Mg,
1112_pH,
1113_P,
1113_K,
1113_Mg,
1113_pH,
1114_P,
1114_K,
1114_Mg,
1114_pH,
1115_P,
1115_K,
1115_Mg,
1115_pH,
1116_P,
1116_K,
1116_Mg,
1116_pH,
1117_P,
1117_K,
1117_Mg,
1117_pH,
1118_P,
1118_K,
1118_Mg,
1118_pH,
1119_P,
1119_K,
1119_Mg,
1119_pH,
1120_P,
1120_K,
1120_Mg,
1120_pH,
1121_P,
1121_K,
1121_Mg,
1121_pH,
1122_P,
1122_K,
1122_Mg,
1122_pH,
1123_P,
1123_K,
1123_Mg,
1123_pH,
1124_P,
1124_K,
1124_Mg,
1124_pH,
1125_P,
1125_K,
1125_Mg,
1125_pH,
1126_P,
1126_K,
1126_Mg,
1126_pH,
1127_P,
1127_K,
1127_Mg,
1127_pH,
1128_P,
1128_K,
1128_Mg,
1128_pH,
1129_P,
1129_K,
1129_Mg,
1129_pH,
1130_P,
1130_K,
1130_Mg,
1130_pH,
1131_P,
1131_K,
1131_Mg,
1131_pH,
1132_P,
1132_K,
1132_Mg,
1132_pH,
1133_P,
1133_K,
1133_Mg,
1133_pH,
1134_P,
1134_K,
1134_Mg,
1134_pH,
1135_P,
1135_K,
1135_Mg,
1135_pH,
1136_P,
1136_K,
1136_Mg,
1136_pH,
1137_P,
1137_K,
1137_Mg,
1137_pH,
1138_P,
1138_K,
1138_Mg,
1138_pH,
1139_P,
1139_K,
1139_Mg,
1139_pH,
1140_P,
1140_K,
1140_Mg,
1140_pH,
1141_P,
1141_K,
1141_Mg,
1141_pH,
1142_P,
1142_K,
1142_Mg,
1142_pH,
1143_P,
1143_K,
1143_Mg,
1143_pH,
1144_P,
1144_K,
1144_Mg,
1144_pH,
1145_P,
1145_K,
1145_Mg,
1145_pH,
1146_P,
1146_K,
1146_Mg,
1146_pH,
1147_P,
1147_K,
1147_Mg,
1147_pH,
1148_P,
1148_K,
1148_Mg,
1148_pH,
1149_P,
1149_K,
1149_Mg,
1149_pH,
1150_P,
1150_K,
1150_Mg,
1150_pH,
1151_P,
1151_K,
1151_Mg,
1151_pH,
1152_P,
1152_K,
1152_Mg,
1152_pH,
1153_P,
1153_K,
1153_Mg,
1153_pH,